parent_id,name,end
0,レディース,0
0,メンズ,0
0,ベビー・キッズ,0
0,インテリア・住まい・小物,0
0,本・音楽・ゲーム,0
0,おもちゃ・ホビー・グッズ,0
0,コスメ・香水・美容,0
0,家電・スマホ・カメラ,0
0,スポーツ・レジャー,0
0,ハンドメイド,0
0,チケット,0
0,自動車・オートバイ,0
0,その他,0
1,トップス,0
1,ジャケット/アウター,0
1,パンツ,0
1,スカート,0
1,ワンピース,0
1,靴,0
1,ルームウェア/パジャマ,0
1,レッグウェア,0
1,帽子,0
1,バッグ,0
1,アクセサリー,0
1,ヘアアクセサリー,0
1,小物,0
1,時計,0
1,ウィッグ/エクステ,0
1,浴衣/水着,0
1,スーツ/フォーマル/ドレス,0
1,マタニティ,0
1,その他,0
2,トップス,0
2,ジャケット/アウター,0
2,パンツ,0
2,靴,0
2,バッグ,0
2,スーツ,0
2,帽子,0
2,アクセサリー,0
2,小物,0
2,時計,0
2,水着,0
2,レッグウェア,0
2,アンダーウェア,0
2,その他,0
3,ベビー服(女の子用) ~95cm,0
3,ベビー服(男の子用) ~95cm,0
3,ベビー服(男女兼用) ~95cm,0
3,キッズ服(女の子用) 100cm~,0
3,キッズ服(男の子用) 100cm~,0
3,キッズ服(男女兼用) 100cm~,0
3,キッズ靴,0
3,子ども用ファッション小物,0
3,おむつ/トイレ/バス,0
3,外出/移動用品,0
3,授乳/食事,0
3,ベビー家具/寝具/室内用品,0
3,おもちゃ,0
3,行事/記念品,0
3,その他,0
4,キッチン/食器,0
4,ベッド/マットレス,0
4,ソファ/ソファベッド,0
4,椅子/チェア,0
4,机/テーブル,0
4,収納家具,0
4,ラグ/カーペット/マット,0
4,カーテン/ブラインド,0
4,ライト/照明,0
4,寝具,0
4,インテリア小物,0
4,季節/年中行事,0
4,その他,0
5,本,0
5,漫画,0
5,雑誌,0
5,CD,0
5,DVD/ブルーレイ,0
5,レコード,0
5,テレビゲーム,0
6,おもちゃ,0
6,タレントグッズ,0
6,コミック/アニメグッズ,0
6,トレーディングカード,0
6,フィギュア,0
6,楽器/器材,0
6,コレクション,0
6,ミリタリー,0
6,美術品,0
6,アート用品,0
6,その他,0
7,ベースメイク,0
7,メイクアップ,0
7,ネイルケア,0
7,香水,0
7,スキンケア/基礎化粧品,0
7,ヘアケア,0
7,ボディケア,0
7,オーラルケア,0
7,リラクゼーション,0
7,ダイエット,0
7,その他,0
8,スマートフォン/携帯電話,0
8,スマホアクセサリー,0
8,PC/タブレット,0
8,カメラ,0
8,テレビ/映像機器,0
8,オーディオ機器,0
8,美容/健康,0
8,冷暖房/空調,0
8,生活家電,0
8,その他,0
9,ゴルフ,0
9,フィッシング,0
9,自転車,0
9,トレーニング/エクササイズ,0
9,野球,0
9,サッカー/フットサル,0
9,テニス,0
9,スノーボード,0
9,スキー,0
9,その他スポーツ,0
9,アウトドア,0
9,その他,0
10,アクセサリー(女性用),0
10,ファッション/小物,0
10,アクセサリー/時計,0
10,日用品/インテリア,0
10,趣味/おもちゃ,0
10,キッズ/ベビー,0
10,素材/材料,0
10,二次創作物,0
10,その他,0
11,音楽,0
11,スポーツ,0
11,演劇/芸能,0
11,イベント,0
11,映画,0
11,施設利用券,0
11,優待券/割引券,0
11,その他,0
12,自動車本体,0
12,自動車タイヤ/ホイール,0
12,自動車パーツ,0
12,自動車アクセサリー,0
12,オートバイ車体,0
12,オートバイパーツ,0
12,オートバイアクセサリー,0
13,まとめ売り,0
13,ペット用品,0
13,食品,0
13,飲料/酒,0
13,日用品/生活雑貨/旅行,0
13,アンティーク/コレクション,0
13,文房具/事務用品,0
13,事務/店舗用品,0
13,その他,0
14,すべて,1
14,Tシャツ/カットソー(半袖/袖なし),1
14,Tシャツ/カットソー(七分/長袖),1
14,シャツ/ブラウス(半袖/袖なし),1
14,シャツ/ブラウス(七分/長袖),1
14,ポロシャツ,1
14,キャミソール,1
14,タンクトップ,1
14,ホルターネック,1
14,ニット/セーター,1
14,チュニック,1
14,カーディガン/ボレロ,1
14,アンサンブル,1
14,ベスト/ジレ,1
14,パーカー,1
14,トレーナー/スウェット,1
14,ベアトップ/チューブトップ,1
14,ジャージ,1
14,その他,1
15,すべて,1
15,テーラードジャケット,1
15,ノーカラージャケット,1
15,Gジャン/デニムジャケット,1
15,レザージャケット,1
15,ダウンジャケット,1
15,ライダースジャケット,1
15,ミリタリージャケット,1
15,ダウンベスト,1
15,ジャンパー/ブルゾン,1
15,ポンチョ,1
15,ロングコート,1
15,トレンチコート,1
15,ダッフルコート,1
15,ピーコート,1
15,チェスターコート,1
15,モッズコート,1
15,スタジャン,1
15,毛皮/ファーコート,1
15,スプリングコート,1
15,スカジャン,1
15,その他,1
16,すべて,1
16,デニム/ジーンズ,1
16,ショートパンツ,1
16,カジュアルパンツ,1
16,ハーフパンツ,1
16,チノパン,1
16,ワークパンツ/カーゴパンツ,1
16,クロップドパンツ,1
16,サロペット/オーバーオール,1
16,オールインワン,1
16,サルエルパンツ,1
16,ガウチョパンツ,1
16,その他,1
17,すべて,1
17,ミニスカート,1
17,ひざ丈スカート,1
17,ロングスカート,1
17,キュロット,1
17,その他,1
18,すべて,1
18,ミニワンピース,1
18,ひざ丈ワンピース,1
18,ロングワンピース,1
18,その他,1
19,すべて,1
19,ハイヒール/パンプス,1
19,ブーツ,1
19,サンダル,1
19,スニーカー,1
19,ミュール,1
19,モカシン,1
19,ローファー/革靴,1
19,フラットシューズ/バレエシューズ,1
19,長靴/レインシューズ,1
19,その他,1
20,すべて,1
20,パジャマ,1
20,ルームウェア,1
21,すべて,1
21,ソックス,1
21,スパッツ/レギンス,1
21,ストッキング/タイツ,1
21,レッグウォーマー,1
21,その他,1
22,すべて,1
22,ニットキャップ/ビーニー,1
22,ハット,1
22,ハンチング/ベレー帽,1
22,キャップ,1
22,キャスケット,1
22,麦わら帽子,1
22,その他,1
23,すべて,1
23,ハンドバッグ,1
23,トートバッグ,1
23,エコバッグ,1
23,リュック/バックパック,1
23,ボストンバッグ,1
23,スポーツバッグ,1
23,ショルダーバッグ,1
23,クラッチバッグ,1
23,ポーチ/バニティ,1
23,ボディバッグ/ウェストバッグ,1
23,マザーズバッグ,1
23,メッセンジャーバッグ,1
23,ビジネスバッグ,1
23,旅行用バッグ/キャリーバッグ,1
23,ショップ袋,1
23,和装用バッグ,1
23,かごバッグ,1
23,その他,1
24,すべて,1
24,ネックレス,1
24,ブレスレット,1
24,バングル/リストバンド,1
24,リング,1
24,ピアス(片耳用),1
24,ピアス(両耳用),1
24,イヤリング,1
24,アンクレット,1
24,ブローチ/コサージュ,1
24,チャーム,1
24,その他,1
25,すべて,1
25,ヘアゴム/シュシュ,1
25,ヘアバンド/カチューシャ,1
25,ヘアピン,1
25,その他,1
26,すべて,1
26,長財布,1
26,折り財布,1
26,コインケース/小銭入れ,1
26,名刺入れ/定期入れ,1
26,キーケース,1
26,キーホルダー,1
26,手袋/アームカバー,1
26,ハンカチ,1
26,ベルト,1
26,マフラー/ショール,1
26,ストール/スヌード,1
26,バンダナ/スカーフ,1
26,ネックウォーマー,1
26,サスペンダー,1
26,サングラス/メガネ,1
26,モバイルケース/カバー,1
26,手帳,1
26,イヤマフラー,1
26,傘,1
26,レインコート/ポンチョ,1
26,ミラー,1
26,タバコグッズ,1
26,その他,1
27,すべて,1
27,腕時計(アナログ),1
27,腕時計(デジタル),1
27,ラバーベルト,1
27,レザーベルト,1
27,金属ベルト,1
27,その他,1
28,すべて,1
28,前髪ウィッグ,1
28,ロングストレート,1
28,ロングカール,1
28,ショートストレート,1
28,ショートカール,1
28,その他,1
29,すべて,1
29,浴衣,1
29,着物,1
29,振袖,1
29,長襦袢/半襦袢,1
29,水着セパレート,1
29,水着ワンピース,1
29,水着スポーツ用,1
29,その他,1
30,すべて,1
30,スカートスーツ上下,1
30,パンツスーツ上下,1
30,ドレス,1
30,パーティーバッグ,1
30,シューズ,1
30,ウェディング,1
30,その他,1
31,すべて,1
31,トップス,1
31,アウター,1
31,インナー,1
31,ワンピース,1
31,パンツ/スパッツ,1
31,スカート,1
31,パジャマ,1
31,授乳服,1
31,その他,1
32,すべて,1
32,コスプレ,1
32,下着,1
32,その他,1
33,すべて,1
33,Tシャツ/カットソー(半袖/袖なし),1
33,Tシャツ/カットソー(七分/長袖),1
33,シャツ,1
33,ポロシャツ,1
33,タンクトップ,1
33,ニット/セーター,1
33,パーカー,1
33,カーディガン,1
33,スウェット,1
33,ジャージ,1
33,ベスト,1
33,その他,1
34,すべて,1
34,テーラードジャケット,1
34,ノーカラージャケット,1
34,Gジャン/デニムジャケット,1
34,レザージャケット,1
34,ダウンジャケット,1
34,ライダースジャケット,1
34,ミリタリージャケット,1
34,ナイロンジャケット,1
34,フライトジャケット,1
34,ダッフルコート,1
34,ピーコート,1
34,ステンカラーコート,1
34,トレンチコート,1
34,モッズコート,1
34,チェスターコート,1
34,スタジャン,1
34,スカジャン,1
34,ブルゾン,1
34,マウンテンパーカー,1
34,ダウンベスト,1
34,ポンチョ,1
34,カバーオール,1
34,その他,1
35,すべて,1
35,デニム/ジーンズ,1
35,ワークパンツ/カーゴパンツ,1
35,スラックス,1
35,チノパン,1
35,ショートパンツ,1
35,ペインターパンツ,1
35,サルエルパンツ,1
35,オーバーオール,1
35,その他,1
36,すべて,1
36,スニーカー,1
36,サンダル,1
36,ブーツ,1
36,モカシン,1
36,ドレス/ビジネス,1
36,長靴/レインシューズ,1
36,デッキシューズ,1
36,その他,1
37,すべて,1
37,ショルダーバッグ,1
37,トートバッグ,1
37,ボストンバッグ,1
37,リュック/バックパック,1
37,ウエストポーチ,1
37,ボディーバッグ,1
37,ドラムバッグ,1
37,ビジネスバッグ,1
37,トラベルバッグ,1
37,メッセンジャーバッグ,1
37,エコバッグ,1
37,その他,1
38,すべて,1
38,スーツジャケット,1
38,スーツベスト,1
38,スラックス,1
38,セットアップ,1
38,その他,1
39,すべて,1
39,キャップ,1
39,ハット,1
39,ニットキャップ/ビーニー,1
39,ハンチング/ベレー帽,1
39,キャスケット,1
39,サンバイザー,1
39,その他,1
40,すべて,1
40,ネックレス,1
40,ブレスレット,1
40,バングル/リストバンド,1
40,リング,1
40,ピアス(片耳用),1
40,ピアス(両耳用),1
40,アンクレット,1
40,その他,1
41,すべて,1
41,長財布,1
41,折り財布,1
41,マネークリップ,1
41,コインケース/小銭入れ,1
41,名刺入れ/定期入れ,1
41,キーケース,1
41,キーホルダー,1
41,ネクタイ,1
41,手袋,1
41,ハンカチ,1
41,ベルト,1
41,マフラー,1
41,ストール,1
41,バンダナ,1
41,ネックウォーマー,1
41,サスペンダー,1
41,ウォレットチェーン,1
41,サングラス/メガネ,1
41,モバイルケース/カバー,1
41,手帳,1
41,ストラップ,1
41,ネクタイピン,1
41,カフリンクス,1
41,イヤマフラー,1
41,傘,1
41,レインコート,1
41,ミラー,1
41,タバコグッズ,1
41,その他,1
42,すべて,1
42,腕時計(アナログ),1
42,腕時計(デジタル),1
42,ラバーベルト,1
42,レザーベルト,1
42,金属ベルト,1
42,その他,1
43,すべて,1
43,一般水着,1
43,スポーツ用,1
43,アクセサリー,1
43,その他,1
44,すべて,1
44,ソックス,1
44,レギンス/スパッツ,1
44,レッグウォーマー,1
44,その他,1
45,すべて,1
45,トランクス,1
45,ボクサーパンツ,1
45,その他,1
46,すべて,1
47,すべて,1
47,トップス,1
47,アウター,1
47,パンツ,1
47,スカート,1
47,ワンピース,1
47,ベビードレス,1
47,おくるみ,1
47,下着/肌着,1
47,パジャマ,1
47,ロンパース,1
47,その他,1
48,すべて,1
48,トップス,1
48,アウター,1
48,パンツ,1
48,おくるみ,1
48,下着/肌着,1
48,パジャマ,1
48,ロンパース,1
48,その他,1
49,すべて,1
49,トップス,1
49,アウター,1
49,パンツ,1
49,おくるみ,1
49,下着/肌着,1
49,パジャマ,1
49,ロンパース,1
49,その他,1
50,すべて,1
50,コート,1
50,ジャケット/上着,1
50,トップス(Tシャツ/カットソー),1
50,トップス(トレーナー),1
50,トップス(チュニック),1
50,トップス(タンクトップ),1
50,トップス(その他),1
50,スカート,1
50,パンツ,1
50,ワンピース,1
50,セットアップ,1
50,パジャマ,1
50,フォーマル/ドレス,1
50,和服,1
50,浴衣,1
50,甚平,1
50,水着,1
50,その他,1
51,すべて,1
51,コート,1
51,ジャケット/上着,1
51,トップス(Tシャツ/カットソー),1
51,トップス(トレーナー),1
51,トップス(その他),1
51,パンツ,1
51,セットアップ,1
51,パジャマ,1
51,フォーマル/ドレス,1
51,和服,1
51,浴衣,1
51,甚平,1
51,水着,1
51,その他,1
52,すべて,1
52,コート,1
52,ジャケット/上着,1
52,トップス(Tシャツ/カットソー),1
52,トップス(トレーナー),1
52,トップス(その他),1
52,ボトムス,1
52,パジャマ,1
52,その他,1
53,すべて,1
53,スニーカー,1
53,サンダル,1
53,ブーツ,1
53,長靴,1
53,その他,1
54,すべて,1
54,靴下/スパッツ,1
54,帽子,1
54,エプロン,1
54,サスペンダー,1
54,タイツ,1
54,ハンカチ,1
54,バンダナ,1
54,ベルト,1
54,マフラー,1
54,傘,1
54,手袋,1
54,スタイ,1
54,バッグ,1
54,その他,1
55,すべて,1
55,おむつ用品,1
55,おまる/補助便座,1
55,トレーニングパンツ,1
55,ベビーバス,1
55,お風呂用品,1
55,その他,1
56,すべて,1
56,ベビーカー,1
56,抱っこひも/スリング,1
56,チャイルドシート,1
56,その他,1
57,すべて,1
57,ミルク,1
57,ベビーフード,1
57,ベビー用食器,1
57,その他,1
58,すべて,1
58,ベッド,1
58,布団/毛布,1
58,イス,1
58,たんす,1
58,その他,1
59,すべて,1
59,おふろのおもちゃ,1
59,がらがら,1
59,オルゴール,1
59,ベビージム,1
59,手押し車/カタカタ,1
59,知育玩具,1
59,その他,1
60,すべて,1
60,お宮参り用品,1
60,お食い初め用品,1
60,アルバム,1
60,手形/足形,1
60,その他,1
61,すべて,1
61,母子手帳用品,1
61,その他,1
62,すべて,1
62,食器,1
62,調理器具,1
62,収納/キッチン雑貨,1
62,弁当用品,1
62,カトラリー(スプーン等),1
62,テーブル用品,1
62,容器,1
62,エプロン,1
62,アルコールグッズ,1
62,浄水機,1
62,その他,1
63,すべて,1
63,セミシングルベッド,1
63,シングルベッド,1
63,セミダブルベッド,1
63,ダブルベッド,1
63,ワイドダブルベッド,1
63,クイーンベッド,1
63,キングベッド,1
63,脚付きマットレスベッド,1
63,マットレス,1
63,すのこベッド,1
63,ロフトベッド/システムベッド,1
63,簡易ベッド/折りたたみベッド,1
63,収納付き,1
63,その他,1
64,すべて,1
64,ソファセット,1
64,シングルソファ,1
64,ラブソファ,1
64,トリプルソファ,1
64,オットマン,1
64,コーナーソファ,1
64,ビーズソファ/クッションソファ,1
64,ローソファ/フロアソファ,1
64,ソファベッド,1
64,応接セット,1
64,ソファカバー,1
64,リクライニングソファ,1
64,その他,1
65,すべて,1
65,一般,1
65,スツール,1
65,ダイニングチェア,1
65,ハイバックチェア,1
65,ロッキングチェア,1
65,座椅子,1
65,折り畳みイス,1
65,デスクチェア,1
65,その他,1
66,すべて,1
66,こたつ,1
66,カウンターテーブル,1
66,サイドテーブル,1
66,センターテーブル,1
66,ダイニングテーブル,1
66,座卓/ちゃぶ台,1
66,アウトドア用,1
66,パソコン用,1
66,事務机/学習机,1
66,その他,1
67,すべて,1
67,リビング収納,1
67,キッチン収納,1
67,玄関/屋外収納,1
67,バス/トイレ収納,1
67,本収納,1
67,本/CD/DVD収納,1
67,洋服タンス/押入れ収納,1
67,電話台/ファックス台,1
67,ドレッサー/鏡台,1
67,棚/ラック,1
67,ケース/ボックス,1
67,その他,1
68,すべて,1
68,ラグ,1
68,カーペット,1
68,ホットカーペット,1
68,玄関/キッチンマット,1
68,トイレ/バスマット,1
68,その他,1
69,すべて,1
69,カーテン,1
69,ブラインド,1
69,ロールスクリーン,1
69,のれん,1
69,その他,1
70,すべて,1
70,蛍光灯/電球,1
70,天井照明,1
70,フロアスタンド,1
70,その他,1
71,すべて,1
71,布団/毛布,1
71,枕,1
71,シーツ/カバー,1
71,その他,1
72,すべて,1
72,ごみ箱,1
72,ウェルカムボード,1
72,オルゴール,1
72,クッション,1
72,クッションカバー,1
72,スリッパラック,1
72,ティッシュボックス,1
72,バスケット/かご,1
72,フォトフレーム,1
72,マガジンラック,1
72,モビール,1
72,花瓶,1
72,灰皿,1
72,傘立て,1
72,小物入れ,1
72,置時計,1
72,掛時計/柱時計,1
72,鏡(立て掛け式),1
72,鏡(壁掛け式),1
72,置物,1
72,風鈴,1
72,植物/観葉植物,1
72,その他,1
73,すべて,1
73,正月,1
73,成人式,1
73,バレンタインデー,1
73,ひな祭り,1
73,子どもの日,1
73,母の日,1
73,父の日,1
73,サマーギフト/お中元,1
73,夏/夏休み,1
73,ハロウィン,1
73,敬老の日,1
73,七五三,1
73,お歳暮,1
73,クリスマス,1
73,冬一般,1
73,その他,1
74,すべて,1
75,すべて,1
75,文学/小説,1
75,人文/社会,1
75,ノンフィクション/教養,1
75,地図/旅行ガイド,1
75,ビジネス/経済,1
75,健康/医学,1
75,コンピュータ/IT,1
75,趣味/スポーツ/実用,1
75,住まい/暮らし/子育て,1
75,アート/エンタメ,1
75,洋書,1
75,絵本,1
75,参考書,1
75,その他,1
76,すべて,1
76,全巻セット,1
76,少年漫画,1
76,少女漫画,1
76,青年漫画,1
76,女性漫画,1
76,同人誌,1
76,その他,1
77,すべて,1
77,アート/エンタメ/ホビー,1
77,ファッション,1
77,ニュース/総合,1
77,趣味/スポーツ,1
77,その他,1
78,すべて,1
78,邦楽,1
78,洋楽,1
78,アニメ,1
78,クラシック,1
78,K-POP/アジア,1
78,キッズ/ファミリー,1
78,その他,1
79,すべて,1
79,外国映画,1
79,日本映画,1
79,アニメ,1
79,TVドラマ,1
79,ミュージック,1
79,お笑い/バラエティ,1
79,スポーツ/フィットネス,1
79,キッズ/ファミリー,1
79,その他,1
80,すべて,1
80,邦楽,1
80,洋楽,1
80,その他,1
81,すべて,1
81,家庭用ゲーム本体,1
81,家庭用ゲームソフト,1
81,携帯用ゲーム本体,1
81,携帯用ゲームソフト,1
81,PCゲーム,1
81,その他,1
82,すべて,1
82,キャラクターグッズ,1
82,ぬいぐるみ,1
82,小物/アクセサリー,1
82,模型/プラモデル,1
82,ミニカー,1
82,トイラジコン,1
82,プラモデル,1
82,ホビーラジコン,1
82,鉄道模型,1
82,その他,1
83,すべて,1
83,アイドル,1
83,ミュージシャン,1
83,タレント/お笑い芸人,1
83,スポーツ選手,1
83,その他,1
84,すべて,1
84,ストラップ,1
84,キーホルダー,1
84,バッジ,1
84,カード,1
84,クリアファイル,1
84,ポスター,1
84,タオル,1
84,その他,1
85,すべて,1
85,遊戯王,1
85,マジック：ザ・ギャザリング,1
85,ポケモンカードゲーム,1
85,デュエルマスターズ,1
85,バトルスピリッツ,1
85,プリパラ,1
85,アイカツ,1
85,カードファイト!! ヴァンガード,1
85,ヴァイスシュヴァルツ,1
85,プロ野球オーナーズリーグ,1
85,ベースボールヒーローズ,1
85,ドラゴンボール,1
85,スリーブ,1
85,その他,1
86,すべて,1
86,コミック/アニメ,1
86,特撮,1
86,ゲームキャラクター,1
86,SF/ファンタジー/ホラー,1
86,アメコミ,1
86,スポーツ,1
86,ミリタリー,1
86,その他,1
87,すべて,1
87,エレキギター,1
87,アコースティックギター,1
87,ベース,1
87,エフェクター,1
87,アンプ,1
87,弦楽器,1
87,管楽器,1
87,鍵盤楽器,1
87,打楽器,1
87,和楽器,1
87,楽譜/スコア,1
87,レコーディング/PA機器,1
87,DJ機器,1
87,DTM/DAW,1
87,その他,1
88,すべて,1
88,武具,1
88,使用済切手/官製はがき,1
88,旧貨幣/金貨/銀貨/記念硬貨,1
88,印刷物,1
88,ノベルティグッズ,1
88,その他,1
89,すべて,1
89,トイガン,1
89,個人装備,1
89,その他,1
90,すべて,1
90,陶芸,1
90,ガラス,1
90,漆芸,1
90,金属工芸,1
90,絵画/タペストリ,1
90,版画,1
90,彫刻/オブジェクト,1
90,書,1
90,写真,1
90,その他,1
91,すべて,1
91,画材,1
91,額縁,1
91,その他,1
92,すべて,1
92,トランプ/UNO,1
92,カルタ/百人一首,1
92,ダーツ,1
92,ビリヤード,1
92,麻雀,1
92,パズル/ジグソーパズル,1
92,囲碁/将棋,1
92,オセロ/チェス,1
92,人生ゲーム,1
92,野球/サッカーゲーム,1
92,スポーツ,1
92,三輪車/乗り物,1
92,ヨーヨー,1
92,模型製作用品,1
92,鉄道,1
92,航空機,1
92,アマチュア無線,1
92,パチンコ/パチスロ,1
92,その他,1
93,すべて,1
93,ファンデーション,1
93,化粧下地,1
93,コントロールカラー,1
93,BBクリーム,1
93,CCクリーム,1
93,コンシーラー,1
93,フェイスパウダー,1
93,トライアルセット/サンプル,1
93,その他,1
94,すべて,1
94,アイシャドウ,1
94,口紅,1
94,リップグロス,1
94,リップライナー,1
94,チーク,1
94,フェイスカラー,1
94,マスカラ,1
94,アイライナー,1
94,つけまつげ,1
94,アイブロウペンシル,1
94,パウダーアイブロウ,1
94,眉マスカラ,1
94,トライアルセット/サンプル,1
94,メイク道具/化粧小物,1
94,美顔用品/美顔ローラー,1
94,その他,1
95,すべて,1
95,ネイルカラー,1
95,カラージェル,1
95,ネイルベースコート/トップコート,1
95,ネイルアート用品,1
95,ネイルパーツ,1
95,ネイルチップ/付け爪,1
95,手入れ用具,1
95,除光液,1
95,その他,1
96,すべて,1
96,香水(女性用),1
96,香水(男性用),1
96,ユニセックス,1
96,ボディミスト,1
96,その他,1
97,すべて,1
97,化粧水/ローション,1
97,乳液/ミルク,1
97,美容液,1
97,フェイスクリーム,1
97,洗顔料,1
97,クレンジング/メイク落とし,1
97,パック/フェイスマスク,1
97,ジェル/ゲル,1
97,ブースター/導入液,1
97,アイケア,1
97,リップケア,1
97,トライアルセット/サンプル,1
97,洗顔グッズ,1
97,その他,1
98,すべて,1
98,シャンプー,1
98,トリートメント,1
98,コンディショナー,1
98,リンス,1
98,スタイリング剤,1
98,カラーリング剤,1
98,ブラシ,1
98,その他,1
99,すべて,1
99,オイル/クリーム,1
99,ハンドクリーム,1
99,ローション,1
99,日焼け止め/サンオイル,1
99,ボディソープ,1
99,入浴剤,1
99,制汗/デオドラント,1
99,フットケア,1
99,その他,1
100,すべて,1
100,口臭防止/エチケット用品,1
100,歯ブラシ,1
100,その他,1
101,すべて,1
101,エッセンシャルオイル,1
101,芳香器,1
101,お香/香炉,1
101,キャンドル,1
101,リラクゼーショングッズ,1
101,その他,1
102,すべて,1
102,ダイエット食品,1
102,エクササイズ用品,1
102,体重計,1
102,体脂肪計,1
102,その他,1
103,すべて,1
103,健康用品,1
103,看護/介護用品,1
103,救急/衛生用品,1
103,その他,1
104,すべて,1
104,スマートフォン本体,1
104,バッテリー/充電器,1
104,携帯電話本体,1
104,PHS本体,1
104,その他,1
105,すべて,1
105,Android用ケース,1
105,iPhone用ケース,1
105,カバー,1
105,イヤホンジャック,1
105,ストラップ,1
105,フィルム,1
105,自撮り棒,1
105,その他,1
106,すべて,1
106,タブレット,1
106,ノートPC,1
106,デスクトップ型PC,1
106,ディスプレイ,1
106,電子ブックリーダー,1
106,PC周辺機器,1
106,PCパーツ,1
106,その他,1
107,すべて,1
107,デジタルカメラ,1
107,ビデオカメラ,1
107,レンズ(単焦点),1
107,レンズ(ズーム),1
107,フィルムカメラ,1
107,防犯カメラ,1
107,その他,1
108,すべて,1
108,テレビ,1
108,プロジェクター,1
108,ブルーレイレコーダー,1
108,DVDレコーダー,1
108,ブルーレイプレーヤー,1
108,DVDプレーヤー,1
108,映像用ケーブル,1
108,その他,1
109,すべて,1
109,ポータブルプレーヤー,1
109,イヤフォン,1
109,ヘッドフォン,1
109,アンプ,1
109,スピーカー,1
109,ケーブル/シールド,1
109,ラジオ,1
109,その他,1
110,すべて,1
110,ヘアドライヤー,1
110,ヘアアイロン,1
110,美容機器,1
110,電気シェーバー,1
110,電動歯ブラシ,1
110,その他,1
111,すべて,1
111,エアコン,1
111,空気清浄器,1
111,加湿器,1
111,扇風機,1
111,除湿機,1
111,ファンヒーター,1
111,電気ヒーター,1
111,オイルヒーター,1
111,ストーブ,1
111,ホットカーペット,1
111,こたつ,1
111,電気毛布,1
111,その他,1
112,すべて,1
112,冷蔵庫,1
112,洗濯機,1
112,炊飯器,1
112,電子レンジ/オーブン,1
112,調理機器,1
112,アイロン,1
112,掃除機,1
112,エスプレッソマシン,1
112,コーヒーメーカー,1
112,衣類乾燥機,1
112,その他,1
113,すべて,1
113,その他,1
114,すべて,1
114,クラブ,1
114,ウエア(男性用),1
114,ウエア(女性用),1
114,バッグ,1
114,シューズ(男性用),1
114,シューズ(女性用),1
114,アクセサリー,1
114,その他,1
115,すべて,1
115,ロッド,1
115,リール,1
115,ルアー用品,1
115,ウエア,1
115,釣り糸/ライン,1
115,その他,1
116,すべて,1
116,自転車本体,1
116,ウエア,1
116,パーツ,1
116,アクセサリー,1
116,バッグ,1
116,工具/メンテナンス,1
116,その他,1
117,すべて,1
117,ランニング,1
117,ウォーキング,1
117,ヨガ,1
117,トレーニング用品,1
117,その他,1
118,すべて,1
118,ウェア,1
118,シューズ,1
118,グローブ,1
118,バット,1
118,アクセサリー,1
118,防具,1
118,練習機器,1
118,記念グッズ,1
118,応援グッズ,1
118,その他,1
119,すべて,1
119,ウェア,1
119,シューズ,1
119,ボール,1
119,アクセサリー,1
119,記念グッズ,1
119,応援グッズ,1
119,その他,1
120,すべて,1
120,ラケット(硬式用),1
120,ラケット(軟式用),1
120,ウェア,1
120,シューズ,1
120,ボール,1
120,アクセサリー,1
120,記念グッズ,1
120,応援グッズ,1
120,その他,1
121,すべて,1
121,ボード,1
121,バインディング,1
121,ブーツ(男性用),1
121,ブーツ(女性用),1
121,ブーツ(子ども用),1
121,ウエア/装備(男性用),1
121,ウエア/装備(女性用),1
121,ウエア/装備(子ども用),1
121,アクセサリー,1
121,バッグ,1
121,その他,1
122,すべて,1
122,板,1
122,ブーツ(男性用),1
122,ブーツ(女性用),1
122,ブーツ(子ども用),1
122,ビンディング,1
122,ウエア(男性用),1
122,ウエア(女性用),1
122,ウエア(子ども用),1
122,ストック,1
122,その他,1
123,すべて,1
123,ダンス/バレエ,1
123,サーフィン,1
123,バスケットボール,1
123,バドミントン,1
123,バレーボール,1
123,スケートボード,1
123,陸上競技,1
123,ラグビー,1
123,アメリカンフットボール,1
123,ボクシング,1
123,ボウリング,1
123,その他,1
124,すべて,1
124,テント/タープ,1
124,ライト/ランタン,1
124,寝袋/寝具,1
124,テーブル/チェア,1
124,ストーブ/コンロ,1
124,調理器具,1
124,食器,1
124,登山用品,1
124,その他,1
125,すべて,1
125,旅行用品,1
125,その他,1
126,すべて,1
126,ピアス,1
126,イヤリング,1
126,ネックレス,1
126,ブレスレット,1
126,リング,1
126,チャーム,1
126,ヘアゴム,1
126,アンクレット,1
126,その他,1
127,すべて,1
127,バッグ(女性用),1
127,バッグ(男性用),1
127,財布(女性用),1
127,財布(男性用),1
127,ファッション雑貨,1
127,その他,1
128,すべて,1
128,アクセサリー(男性用),1
128,時計(女性用),1
128,時計(男性用),1
128,その他,1
129,すべて,1
129,キッチン用品,1
129,家具,1
129,文房具,1
129,アート/写真,1
129,アロマ/キャンドル,1
129,フラワー/ガーデン,1
129,その他,1
130,すべて,1
130,クラフト/布製品,1
130,おもちゃ/人形,1
130,その他,1
131,すべて,1
131,ファッション雑貨,1
131,スタイ/よだれかけ,1
131,外出用品,1
131,ネームタグ,1
131,その他,1
132,すべて,1
132,各種パーツ,1
132,生地/糸,1
132,型紙/パターン,1
132,その他,1
133,すべて,1
133,Ingress,1
133,クリエイターズ宇宙兄弟,1
134,すべて,1
135,すべて,1
135,男性アイドル,1
135,女性アイドル,1
135,韓流,1
135,国内アーティスト,1
135,海外アーティスト,1
135,音楽フェス,1
135,声優/アニメ,1
135,その他,1
136,すべて,1
136,サッカー,1
136,野球,1
136,テニス,1
136,格闘技/プロレス,1
136,相撲/武道,1
136,ゴルフ,1
136,バレーボール,1
136,バスケットボール,1
136,モータースポーツ,1
136,ウィンタースポーツ,1
136,その他,1
137,すべて,1
137,ミュージカル,1
137,演劇,1
137,伝統芸能,1
137,落語,1
137,お笑い,1
137,オペラ,1
137,サーカス,1
137,バレエ,1
137,その他,1
138,すべて,1
138,声優/アニメ,1
138,キッズ/ファミリー,1
138,トークショー/講演会,1
138,その他,1
139,すべて,1
139,邦画,1
139,洋画,1
139,その他,1
140,すべて,1
140,遊園地/テーマパーク,1
140,美術館/博物館,1
140,スキー場,1
140,ゴルフ場,1
140,フィットネスクラブ,1
140,プール,1
140,ボウリング場,1
140,水族館,1
140,動物園,1
140,その他,1
141,すべて,1
141,ショッピング,1
141,レストラン/食事券,1
141,フード/ドリンク券,1
141,宿泊券,1
141,その他,1
142,すべて,1
143,すべて,1
143,国内自動車本体,1
143,外国自動車本体,1
144,すべて,1
144,タイヤ/ホイールセット,1
144,タイヤ,1
144,ホイール,1
144,その他,1
145,すべて,1
145,サスペンション,1
145,ブレーキ,1
145,外装、エアロパーツ,1
145,ライト,1
145,内装品、シート,1
145,ステアリング,1
145,マフラー・排気系,1
145,エンジン、過給器、冷却装置,1
145,クラッチ、ミッション、駆動系,1
145,電装品,1
145,補強パーツ,1
145,汎用パーツ,1
145,外国自動車用パーツ,1
145,その他,1
146,すべて,1
146,車内アクセサリー,1
146,カーナビ,1
146,カーオーディオ,1
146,車外アクセサリー,1
146,メンテナンス用品,1
146,チャイルドシート,1
146,ドライブレコーダー,1
146,レーダー探知機,1
146,カタログ/マニュアル,1
146,セキュリティ,1
146,ETC,1
146,その他,1
147,すべて,1
148,すべて,1
148,タイヤ,1
148,マフラー,1
148,エンジン、冷却装置,1
148,カウル、フェンダー、外装,1
148,サスペンション,1
148,ホイール,1
148,シート,1
148,ブレーキ,1
148,タンク,1
148,ライト、ウィンカー,1
148,チェーン、スプロケット、駆動系,1
148,メーター,1
148,電装系,1
148,ミラー,1
148,外国オートバイ用パーツ,1
148,その他,1
149,すべて,1
149,ヘルメット/シールド,1
149,バイクウエア/装備,1
149,アクセサリー,1
149,メンテナンス,1
149,カタログ/マニュアル,1
149,その他,1
150,すべて,1
151,すべて,1
151,ペットフード,1
151,犬用品,1
151,猫用品,1
151,魚用品/水草,1
151,小動物用品,1
151,爬虫類/両生類用品,1
151,かご/おり,1
151,鳥用品,1
151,虫類用品,1
151,その他,1
152,すべて,1
152,菓子,1
152,米,1
152,野菜,1
152,果物,1
152,調味料,1
152,魚介類(加工食品),1
152,肉類(加工食品),1
152,その他 加工食品,1
152,その他,1
153,すべて,1
153,コーヒー,1
153,ソフトドリンク,1
153,ミネラルウォーター,1
153,茶,1
153,ウイスキー,1
153,ワイン,1
153,ブランデー,1
153,焼酎,1
153,日本酒,1
153,ビール、発泡酒,1
153,その他,1
154,すべて,1
154,タオル/バス用品,1
154,日用品/生活雑貨,1
154,洗剤/柔軟剤,1
154,旅行用品,1
154,防災関連グッズ,1
154,その他,1
155,すべて,1
155,雑貨,1
155,工芸品,1
155,家具,1
155,印刷物,1
155,その他,1
156,すべて,1
156,筆記具,1
156,ノート/メモ帳,1
156,テープ/マスキングテープ,1
156,カレンダー/スケジュール,1
156,アルバム/スクラップ,1
156,ファイル/バインダー,1
156,はさみ/カッター,1
156,カードホルダー/名刺管理,1
156,のり/ホッチキス,1
156,その他,1
157,すべて,1
157,オフィス用品一般,1
157,オフィス家具,1
157,店舗用品,1
157,OA機器,1
157,ラッピング/包装,1
157,その他,1
158,すべて,1